user,is_win
anushasree,0.005666666666666667
hitul,0.0845
kajala143,0.002
maheshreddy,0.0025
priya,0.0075
rajasekhar,0.004666666666666667
rakshitha rp,0.0008191685439279131
reddy_0029,0.0036666666666666666
salmanp,0.01
sivabadri,0.009666666666666667
sravani vadde,0.103
srihari,0.0019090909090909091
srinivas@321,0.002111111111111111
thrushikam,0.0058
venkatesh357,0.006
vinaykumarreddy,0.0019090909090909091
